<?xml version="1.0"?>
<?xml-stylesheet href="survey.xsl" version="1.0" type="text/xsl" ?>
<?SurveyReader factor="2" ?>
<surveys xmlns="http://hedong.3322.org/SaxLearning/"
         xmlns:revised="http://www.nicholaschase.com/surveys/revised/">
<response username="bob">
   <question subject="appearance">A</question>
   <question subject="communication">B</question>
   <question subject="ship">A</question>
   <question subject="inside">D</question>
   <question subject="implant">B</question>
   <revised:question subject="appearance">D</revised:question>
   <revised:question subject="communication">A</revised:question>
   <revised:question subject="ship">A</revised:question>
   <revised:question subject="inside">D</revised:question>
   <revised:question subject="implant">A</revised:question>
   
</response>
<response username="sue">
   <question subject="appearance">C</question>
   <question subject="communication">A</question>
   <question subject="ship">A</question>
   <question subject="inside">D</question>
   <question subject="implant">A</question>
</response>
<response username="carol">
   <question subject="appearance">A</question>
   <question subject="communication">C</question>
   <question subject="ship">A</question>
   <question subject="inside">D</question>
   <question subject="implant">C</question>
</response>
</surveys>

